# Turkish for HushTelegram: the English key, a tab, the translation. One row per string.
# context: Chat-list-only story controls and immutable hook coverage.
Hide Stories	Hikâyeleri gizle
Removes the story bar above your chats, the rings around profile pictures and the Post Story button. Profile stories and archives stay.	Sohbetlerinizin üstündeki hikâye çubuğunu, profil fotoğraflarının etrafındaki halkaları ve hikâye paylaşma düğmesini kaldırır. Profillerdeki ve arşivdeki hikâyeler kalır.
story list requests	hikâye listesi istekleri
chat-list story bar	sohbet listesindeki hikâye çubuğu
Post Story button	Hikâye Paylaş düğmesi
avatar story rings	avatar hikâye halkaları
avatar story taps	avatarlardaki hikâye dokunuşları
# After editing, run python scripts/gen-l10n.py from the repository root.
%1$d item in that file isn't a setting this version of HushTelegram knows, so it'll be left out.	O dosyadaki %1$d öğe, HushTelegram'un bu sürümünün tanıdığı ayarlardan değil, bu yüzden atlanacak.
%1$d items in that file aren't settings this version of HushTelegram knows, so they'll be left out.	O dosyadaki %1$d öğe, HushTelegram'un bu sürümünün tanıdığı ayarlardan değil, bu yüzden atlanacak.
%1$d switch will change.	%1$d anahtar değişecek.
%1$d switches will change.	%1$d anahtar değişecek.
%1$s. It was set when you patched, so Pause can't turn it off. To get rid of it, patch again without that patch.	%1$s. Bu, yamalama sırasında ayarlandı, bu yüzden Duraklat bunu kapatamaz. Kurtulmak için o yama olmadan yeniden yamalayın.
%1$s. They were set when you patched, so Pause can't turn them off. To get rid of one, patch again without the patch named in brackets after it.	%1$s. Bunlar yamalama sırasında ayarlandı, bu yüzden Duraklat bunları kapatamaz. Birinden kurtulmak için, yanında parantez içinde adı geçen yama olmadan yeniden yamalayın.
A diagnostic report is already being saved.	Bir tanılama raporu zaten kaydediliyor.
A file named %1$s in %2$s paused HushTelegram.	%2$s içindeki %1$s adlı bir dosya HushTelegram'u duraklattı.
About	Hakkında
Android 11 and older don't say which links open here. Tap to open this app's settings, then Open by default.	Android 11 ve öncesi burada hangi bağlantıların açıldığını bildirmez. Bu uygulamanın ayarlarını açmak için dokunun, ardından Varsayılan olarak aç'a gidin.
Back	Geri
Cancel	İptal
Loads switch choices from a saved file. You see how many switches it will change before anything is applied. It applies to all accounts.	Kayıtlı bir dosyadan anahtar seçimlerini yükler. Hiçbir şey uygulanmadan önce kaç anahtarın değişeceğini görürsünüz. Tüm hesaplar için geçerlidir.
Clear diagnostic data	Tanılama verilerini temizle
Copy a short report or save the full one to Download/Morphe. Links, IDs and sign-in details are left out. Look it over before sharing.	Kısa bir rapor kopyalayın veya tam raporu Download/Morphe içine kaydedin. Bağlantılar, kimlikler ve oturum bilgileri dahil edilmez. Paylaşmadan önce göz atın.
Copy quick report	Hızlı raporu kopyala
Couldn't import the settings, and couldn't put back the ones you had. Check the switches on this screen.	Ayarlar içe aktarılamadı ve önceki ayarların geri yüklenemedi. Bu ekrandaki anahtarları kontrol et.
Couldn't import the settings. Nothing was changed.	Ayarlar içe aktarılamadı. Hiçbir şey değiştirilmedi.
Couldn't open that file. Nothing was changed.	Bu dosya açılamadı. Hiçbir şey değiştirilmedi.
Couldn't open the file picker. Try again.	Dosya seçici açılamadı. Tekrar dene.
Couldn't put back the diagnostic data. Try again.	Tanılama verileri geri getirilemedi. Tekrar dene.
Couldn't save the settings file. Try again.	Ayar dosyası kaydedilemedi. Tekrar dene.
Couldn't start that. Try again in a moment.	Bu işlem başlatılamadı. Birazdan tekrar dene.
Couldn't start the report export. Try again shortly.	Rapor dışa aktarımı başlatılamadı. Birazdan tekrar dene.
Couldn't turn HushTelegram back on. Try again.	HushTelegram yeniden açılamadı. Tekrar dene.
Debug logging	Hata ayıklama günlüğü
Diagnostic data cleared. Tap again to put it back.	Tanılama verileri temizlendi. Geri getirmek için tekrar dokun.
Diagnostic data put back.	Tanılama verileri geri getirildi.
Diagnostic report copied to the clipboard.	Tanılama raporu panoya kopyalandı.
Clears the activity log and patch checks that a report would include.	Bir raporda yer alacak etkinlik günlüğünü ve yama denetimlerini temizler.
Every switch except Debug logging acts as if it were off. Edits made when you patched stay in. Your choices stay saved.	Hata ayıklama günlüğü dışındaki her anahtar kapalıymış gibi davranır. Yamalama sırasında yapılan değişiklikler geçerli kalır. Seçimleriniz kayıtlı kalır.
Export diagnostic report	Tanılama raporunu dışa aktar
Export settings	Ayarları dışa aktar
After Telegram restarts, every switch except Debug logging acts as if it were off. Your choices stay saved. Edits made when you patched stay in.	Telegram yeniden başlatıldıktan sonra Hata ayıklama günlüğü dışındaki her anahtar kapalıymış gibi davranır. Seçimleriniz kayıtlı kalır. Yamalama sırasında yapılan değişiklikler geçerli kalır.
Hide ads	Reklamları gizle
Links, updates, backup and more	Bağlantılar, güncellemeler, yedekleme ve daha fazlası
Privacy	Gizlilik
Saves your switch choices to a file, for all accounts in this Telegram app. Pause, Debug logging and the update check aren't included.	Anahtar seçimlerinizi bir dosyaya kaydeder; bu Telegram uygulamasındaki tüm hesaplar için geçerlidir. Duraklat, Hata ayıklama günlüğü ve güncelleme denetimi dahil değildir.
Settings exported. The app holding the file wouldn't let HushTelegram read it back, so it wasn't checked.	Ayarlar dışa aktarıldı. Dosyayı tutan uygulama HushTelegram'un onu geri okumasına izin vermedi, bu yüzden kontrol edilmedi.
The app holding that file is taking too long, so HushTelegram stopped waiting. Nothing was changed.	O dosyayı tutan uygulama çok uzun sürüyor, bu yüzden HushTelegram beklemeyi bıraktı. Hiçbir şey değiştirilmedi.
The app holding the last settings file still hasn't answered. Try again later.	Son ayar dosyasını tutan uygulama hâlâ yanıt vermedi. Daha sonra tekrar dene.
The app holding the settings file is taking too long, so HushTelegram stopped waiting. That app may still finish saving it, so check the file before you rely on it.	Ayar dosyasını tutan uygulama çok uzun sürüyor, bu yüzden HushTelegram beklemeyi bıraktı. O uygulama kaydetmeyi yine de bitirebilir, bu yüzden dosyaya güvenmeden önce onu kontrol et.
The file %1$s couldn't be removed. Delete it from %2$s, then tap Resume again.	%1$s dosyası kaldırılamadı. Onu %2$s içinden sil, sonra yeniden Devam et'e dokun.
The settings file was saved, but what's in it doesn't match what was written. Save it again as a new file.	Ayar dosyası kaydedildi ama içeriği yazılanla eşleşmiyor. Yeni bir dosya olarak yeniden kaydedin.
Until you resume, every switch except Debug logging acts as if it were off. Edits made when you patched stay in.	Devam edene kadar Hata ayıklama günlüğü dışındaki her anahtar kapalıymış gibi davranır. Yamalama sırasında yapılan değişiklikler geçerli kalır.
Full report saved to %1$s	Tam rapor şuraya kaydedildi: %1$s
The GPL-3.0 license, and credits for the projects HushTelegram is built on	GPL-3.0 lisansı ve HushTelegram'ın dayandığı projelerin teşekkür notları
HushTelegram is on	HushTelegram açık
HushTelegram is paused	HushTelegram duraklatıldı
HushTelegram settings	HushTelegram ayarları
HushTelegram settings couldn't open	HushTelegram ayarları açılamadı
Import	İçe aktar
Import settings	Ayarları içe aktar
Importing settings	Ayarlar içe aktarılıyor
Licenses	Lisanslar
Links	Bağlantılar
OK	Tamam
Pause HushTelegram	HushTelegram'u duraklat
Reading the settings file	Ayar dosyası okunuyor
Retry	Yeniden dene
Save full report	Tam raporu kaydet
# The release check: its switch and Check now row under Updates, the status card's line about a newer release, and what a failed try says.
Check for new HushTelegram releases	Yeni HushTelegram sürümlerini denetle
Once a day, when Telegram starts, checks GitHub for a newer HushTelegram and shows it at the top of these settings. Nothing is downloaded.	Günde bir kez, Telegram açıldığında GitHub'da daha yeni bir HushTelegram arar ve bu ayarların en üstünde gösterir. Hiçbir şey indirilmez.
Check now	Şimdi denetle
Checks GitHub for the newest release right now, even if the switch above is off.	GitHub'da en yeni sürümü hemen arar, yukarıdaki anahtar kapalı olsa bile.
Checking GitHub now.	GitHub şu anda denetleniyor.
HushTelegram %1$s is out. Update it in Morphe Manager.	HushTelegram %1$s çıktı. Morphe Manager'da güncelle.
You have the newest HushTelegram release.	En yeni HushTelegram sürümünü kullanıyorsun.
The newest HushTelegram release is %1$s.	En yeni HushTelegram sürümü %1$s.
Couldn't reach GitHub. Try again later.	GitHub'a ulaşılamadı. Daha sonra tekrar dene.
GitHub is blocking checks from this network for now. Try again later.	GitHub şu an bu ağdan gelen denetimleri engelliyor. Daha sonra tekrar deneyin.
GitHub sent a reply HushTelegram couldn't read. Try again later.	GitHub, HushTelegram'ın okuyamadığı bir yanıt gönderdi. Daha sonra tekrar deneyin.
Saving the settings file	Ayar dosyası kaydediliyor
Set when you patched	Yamaladığında ayarlananlar
Settings couldn't open	Ayarlar açılamadı
Settings couldn't refresh completely. Reopen settings and try again.	Ayarlar tamamen yenilenemedi. Ayarları yeniden açıp tekrar dene.
Settings exported.	Ayarlar dışa aktarıldı.
Settings imported. %1$d switch changed.	Ayarlar içe aktarıldı. %1$d anahtar değişti.
Settings imported. %1$d switches changed.	Ayarlar içe aktarıldı. %1$d anahtar değişti.
Source code and issues	Kaynak kodu ve sorunlar
Stays in while paused	Duraklatılsa da devrede kalır
Tap to turn it back on.	Yeniden açmak için dokun.
That file is too large to be a settings file. Nothing was changed.	Bu dosya bir ayar dosyası olamayacak kadar büyük. Hiçbir şey değiştirilmedi.
That file isn't readable text, so it may have been damaged on the way. Nothing was changed.	Bu dosya okunabilir bir metin değil, aktarım sırasında hasar görmüş olabilir. Hiçbir şey değiştirilmedi.
That file lists a setting twice, so there's no telling which value to use. Nothing was changed.	Bu dosyada bir ayar iki kez geçiyor, bu yüzden hangi değerin kullanılacağı belli değil. Hiçbir şey değiştirilmedi.
That isn't a HushTelegram settings file. Nothing was changed.	Bu bir HushTelegram ayar dosyası değil. Hiçbir şey değiştirilmedi.
That settings file holds a value HushTelegram can't read. Nothing was changed.	Bu ayar dosyasında HushTelegram'un okuyamadığı bir değer var. Hiçbir şey değiştirilmedi.
That settings file is damaged or only partly downloaded. Nothing was changed.	Bu ayar dosyası hasarlı ya da yalnızca bir kısmı indirilmiş. Hiçbir şey değiştirilmedi.
That settings file was written by a newer HushTelegram than this one. Nothing was changed.	Bu ayar dosyası, HushTelegram'un bu sürümünden daha yeni bir sürümüyle oluşturulmuş. Hiçbir şey değiştirilmedi.
The diagnostic report couldn't be saved yet. Try again in a moment.	Tanılama raporu henüz kaydedilemedi. Birazdan tekrar dene.
The diagnostic report couldn't be saved. Try again.	Tanılama raporu kaydedilemedi. Tekrar dene.
The file %1$s couldn't be removed. Delete it from %2$s to turn HushTelegram back on.	%1$s dosyası kaldırılamadı. HushTelegram'u yeniden açmak için onu %2$s içinden sil.
That setting couldn't be updated. The switch shows the value that is saved.	Bu ayar güncellenemedi. Anahtar kayıtlı değeri gösterir.
There's no diagnostic data to clear.	Temizlenecek tanılama verisi yok.
There's no diagnostic data to put back.	Geri getirilecek tanılama verisi yok.
This phone has no file picker, so there's no way to choose a file here.	Bu telefonda dosya seçici yok, bu yüzden burada dosya seçmenin bir yolu yok.
Version	Sürüm
Records what HushTelegram does and shows error messages, to help with a bug report. Leave it off for everyday use.	HushTelegram'ın yaptıklarını kaydeder ve hata mesajlarını gösterir; bir hata raporuna yardımcı olur. Günlük kullanımda kapalı bırakın.
You paused HushTelegram.	HushTelegram'u duraklattın.
Your switches already match that file, so nothing will change.	Anahtarların zaten o dosyayla aynı, bu yüzden hiçbir şey değişmeyecek.
Copy a short report to the clipboard.	Kısa raporu panoya kopyalar.
Save the full report in Download/Morphe.	Tam raporu Download/Morphe konumuna kaydeder.
Settings imported.	Ayarlar içe aktarıldı.
No app on this phone can open the link. The address is %1$s.	Bu telefondaki hiçbir uygulama bağlantıyı açamıyor. Adres: %1$s.
# context: Separate pages under More settings. Settings backup contains export and import; Diagnostics contains logging and diagnostic data controls.
Settings backup	Ayar yedeği
Diagnostics	Tanılama
Updates	Güncellemeler
Jump to a section	Bir bölüme git
Go straight to one group of settings. Back returns to where you were.	Doğrudan bir ayar grubuna git. Geri, bulunduğun yere döndürür.
Browse settings	Ayarları keşfet
More settings	Diğer ayarlar
No matching settings	Eşleşen ayar yok
%1$d setting found	%1$d ayar bulundu
%1$d settings found	%1$d ayar bulundu
Try a different word or clear the search.	Başka bir kelime deneyin veya aramayı temizleyin.
Search settings	Ayarlarda ara
Clear search	Aramayı temizle
Your switches are working.	Anahtarlarınız çalışıyor.
Pause	Duraklat
Resume	Devam et
Undo	Geri al

# context: Links section, the Supported links row. It reads Android's own per-app selection of Telegram's web addresses (Android 12 and later) and opens Android's Open by default page for this app. Use the phone's own names for Open supported links, Open by default and App info.
Supported links	Desteklenen bağlantılar
Opening supported links is off for this app in Android's settings. Tap to turn it on.	“Desteklenen bağlantıları aç” Android ayarlarında bu uygulama için kapalı. Açmak için dokunun.
Android didn't say which links open here. Tap to check in Android's settings.	Android burada hangi bağlantıların açıldığını bildirmedi. Android ayarlarında kontrol etmek için dokunun.
Selecting links by hand	Bağlantıları elle seçme

A change here applies after Telegram restarts.	Buradaki bir değişiklik Telegram yeniden başladıktan sonra geçerli olur.
Android opens t.me links in this app only if you select their addresses on its Open by default page. Other link settings don't change.	Android, t.me bağlantılarını bu uygulamada yalnızca adreslerini uygulamanın Varsayılan olarak aç sayfasında seçerseniz açar. Diğer bağlantı ayarları değişmez.
Android verified this app for Telegram's web addresses, so their links open here.	Android bu uygulamayı Telegram'ın web adresleri için doğruladı, bu yüzden bağlantıları burada açılır.
Android's settings for this app didn't open. Open App info from Telegram's icon, then Open by default.	Bu uygulamanın Android ayarları açılamadı. Telegram simgesinden Uygulama bilgileri'ni, ardından Varsayılan olarak aç'ı açın.
Removes sponsored messages in channels, sponsored accounts in search and ads in videos. They're never loaded, so none count as seen.	Kanallardaki sponsorlu mesajları, aramadaki sponsorlu hesapları ve videolardaki reklamları kaldırır. Hiçbiri yüklenmez, bu yüzden hiçbiri görülmüş sayılmaz.
HushTelegram %1$s on Telegram %2$s	Telegram %2$s üzerinde HushTelegram %1$s
HushTelegram %1$s is made for Telegram %2$s.	HushTelegram %1$s, Telegram %2$s için hazırlandı.
HushTelegram pauses when Telegram restarts.	HushTelegram, Telegram yeniden başladığında duraklatılır.
HushTelegram turns back on when Telegram restarts.	HushTelegram, Telegram yeniden başladığında tekrar açılır.
It's made for Telegram %1$s.	Telegram %1$s için hazırlandı.
None of Telegram's web addresses are selected for this app, so their links open elsewhere. Tap to select them in Android's settings.	Telegram'ın web adreslerinden hiçbiri bu uygulama için seçili değil, bu yüzden bağlantıları başka yerde açılır. Android ayarlarında seçmek için dokunun.
Only some of Telegram's web addresses are selected for this app, and links to the rest open elsewhere. Tap to select them in Android's settings.	Telegram'ın web adreslerinden yalnızca bazıları bu uygulama için seçili ve diğerlerinin bağlantıları başka yerde açılır. Android ayarlarında seçmek için dokunun.
Saved. Restart Telegram to apply this change.	Kaydedildi. Bu değişikliği uygulamak için Telegram'ı yeniden başlat.
Ads in channels and search	Kanallarda ve aramada reklamlar
Ads in channels	Kanallarda reklamlar
Ads in search	Aramada reklamlar
%1$s, and more	%1$s ve fazlası
Stop usage reports	Kullanım raporlarını durdur
# context: Immutable hook coverage shown when a patch has missing targets.
channel ads	kanal reklamları
video ads	video reklamları
search ads	arama reklamları
channel read metrics	kanal okuma ölçümleri
This patched app doesn't change %1$s.	Yamalanmış bu uygulamada %1$s değişmedi.
This patched app changes %1$s but not %2$s.	Yamalanmış bu uygulamada %1$s değişti, %2$s değişmedi.
Telegram crashed or froze within a minute of starting three times in a row, so HushTelegram paused itself.	Telegram açıldıktan sonraki bir dakika içinde üst üste üç kez çöktü veya dondu, bu yüzden HushTelegram kendini duraklattı.
Telegram's web addresses are selected for this app in Android's settings, so their links open here.	Telegram'ın web adresleri Android ayarlarında bu uygulama için seçili, bu yüzden bağlantıları burada açılır.
Usage reports and call diagnostics	Kullanım raporları ve arama tanılamaları
Usage reports	Kullanım raporları
Call diagnostics	Arama tanılamaları
Try again, or go back to Telegram.	Tekrar dene veya Telegram'a geri dön.
Turn off Telegram's update checks	Telegram'ın güncelleme kontrollerini kapat
Your choices are saved. Tap Resume, then restart Telegram.	Tercihleriniz kayıtlı. Devam et'e dokunun, sonra Telegram'ı yeniden başlatın.
Telegram stops offering updates from telegram.org. Those can't install over this patched build, so patch each new version in Morphe Manager instead.	Telegram, telegram.org güncellemelerini sunmayı bırakır. Bunlar bu yamalı sürümün üzerine kurulamaz, bu yüzden her yeni sürümü Morphe Manager'da yamala.
No HushTelegram release is out yet.	Henüz bir HushTelegram sürümü yayınlanmadı.
Hide recommendations	Önerileri gizle
Hides suggested similar channels and bots, including ones already saved, and stops asking Telegram for new ones.	Önerilen benzer kanalları ve botları, daha önce kaydedilmiş olanlar dahil, gizler ve Telegram'dan yenilerini istemeyi bırakır.
similar channels and bots	benzer kanallar ve botlar
cached recommendations	kayıtlı öneriler
Stop call diagnostics	Arama tanılamalarını durdur
Stops your phone from automatically sending call problem reports and log files when Telegram's server asks for them.	Telegram sunucusu istediğinde telefonunuzun arama sorunu raporlarını ve günlük dosyalarını otomatik göndermesini engeller.
call debug reports	arama hata ayıklama raporları
call log file uploads	arama günlük dosyası yüklemeleri
call log reports	arama günlük raporları
Hide Premium, gifts and Stars	Premium, hediyeler ve Stars'ı gizle
Removes Premium, Stars, My Grams, Wallet, Business and Send a Gift from Settings, Wallet and Send Gram from the chat, profile and link menus, Gifts tabs on profiles, the Gift button in channels, and Premium stickers, their effects and Premium emoji packs if you don't have Premium.	Premium, Stars, My Grams, Cüzdan, Business ve Hediye Gönder'i Ayarlar'dan, Cüzdan ve Gram Gönder'i sohbet, profil ve bağlantı menülerinden, profillerdeki Hediyeler sekmelerini, kanallardaki Hediye düğmesini ve Premium'unuz yoksa Premium çıkartmaları, efektlerini ve Premium emoji paketlerini kaldırır.
Settings sales rows	Ayarlar'daki satış seçenekleri
profile Gifts tabs	profil Hediyeler sekmeleri
channel Gift button	kanal Hediye düğmesi
attach menu Wallet button	ek menüsündeki Cüzdan düğmesi
chat list menu Wallet item	sohbet listesi menüsündeki Cüzdan öğesi
profile menu Send Gram item	profil menüsündeki Gram Gönder öğesi
TON link Send Gram item	TON bağlantısındaki Gram Gönder öğesi
Gram transfer Send Gram item	Gram transferindeki Gram Gönder öğesi
Premium stickers in the keyboard and packs	klavye ve paketlerdeki Premium çıkartmalar
Premium sticker effects	Premium çıkartma efektleri
Premium emoji packs in the emoji keyboard	emoji klavyesindeki Premium emoji paketleri
Hide promotional banners	Tanıtım afişlerini gizle
Hides the Premium, birthday and low Stars balance banners above your chat list. Account security notices and other suggestions still show.	Sohbet listenizin üstündeki Premium, doğum günü ve düşük Stars bakiyesi afişlerini gizler. Hesap güvenliği bildirimleri ve diğer öneriler görünmeye devam eder.
promotional suggestions	tanıtım önerileri
birthday gift banner	doğum günü hediyesi afişi
Hide sponsored proxy channel	Proxy'nin sponsorlu kanalını gizle
Hides the sponsored channel a proxy adds to your chat list and folders. Your proxy settings aren't touched.	Bir proxy'nin sohbet listenize ve klasörlerinize eklediği sponsorlu kanalı gizler. Proxy ayarlarınıza dokunmaz.
cached proxy channel	kayıtlı proxy kanalı
cached proxy folder entries	klasörlerdeki kayıtlı proxy girdileri
Open links externally	Bağlantıları harici tarayıcıda aç
Opens normal web links in your browser. Telegram links, sign-in and payment pages keep working the way they did.	Normal web bağlantılarını tarayıcınızda açar. Telegram bağlantıları, oturum açma ve ödeme sayfaları eskisi gibi çalışmaya devam eder.
Remove link tracking tags	Bağlantı izleme etiketlerini kaldır
Removes tracking tags like utm_source, gclid and fbclid from links you open or share. A link with any other tag is left unchanged.	Açtığınız veya paylaştığınız bağlantılardan utm_source, gclid ve fbclid gibi izleme etiketlerini kaldırır. Başka bir etiket içeren bağlantı değiştirilmez.
external browser routing	harici tarayıcıya yönlendirme
opened link tracking	açılan bağlantıların takibi
shared link tracking	paylaşılan bağlantıların takibi
Stops usage reports to Telegram, like how long you read each channel post and what you tap on Premium screens. Messages and calls work as before.	Telegram'a gönderilen kullanım raporlarını, örneğin her kanal gönderisini ne kadar okuduğunuzu ve Premium ekranlarında nelere dokunduğunuzu durdurur. Mesajlar ve aramalar eskisi gibi çalışır.
Firebase crash and session reports stop too, from the next time Telegram starts.	Firebase çökme ve oturum raporları da Telegram'ın bir sonraki açılışından itibaren durur.
Premium promo views	Premium tanıtım görüntülemeleri
Premium promo taps	Premium tanıtım dokunuşları
Premium promo accepts	Premium tanıtım onayları
Premium promo failures	Premium tanıtım hataları
dual camera reports	çift kamera raporları
Firebase crash reports	Firebase çökme raporları
Firebase session reports	Firebase oturum raporları
Accounts	Hesaplar
Every switch here applies to all the accounts in this Telegram app, not only the one you have open.	Buradaki her anahtar yalnızca açık olan hesap için değil, bu Telegram uygulamasındaki tüm hesaplar için geçerlidir.
No previews before sending	Göndermeden önce önizleme yok
Telegram doesn't look up link previews for messages you haven't sent yet, including shares, polls, story links and bots. Sent messages still get one.	Telegram, henüz göndermediğiniz mesajlar için bağlantı önizlemesi aramaz; paylaşımlar, anketler, hikâye bağlantıları ve botlar dahil. Gönderilen mesajlar yine önizleme alır.
Draft link previews	Taslaklarda bağlantı önizlemeleri
chat drafts	sohbet taslakları
share sheet comments	paylaşım sayfası yorumları
poll links	anket bağlantıları
story links	hikâye bağlantıları
bot shares	botların paylaştığı mesajlar
Camera only on tap	Kamera yalnızca dokununca
Opening the attachment gallery doesn't start the camera or ask for camera access. Tap the camera tile to start it.	Ek galerisini açmak kamerayı başlatmaz ve kamera erişimi istemez. Başlatmak için kamera kutucuğuna dokunun.
Gallery camera	Galeri kamerası
No swipe actions on chats	Sohbetlerde kaydırma eylemi yok
Swiping a chat in your list no longer archives, mutes, pins, deletes or marks it read. Press and hold still offers every action.	Listenizdeki bir sohbeti kaydırmak onu artık arşivlemez, sessize almaz, sabitlemez, silmez veya okundu yapmaz. Basılı tutmak tüm eylemleri sunmaya devam eder.
Hide popular apps	Popüler uygulamaları gizle
Hides the Popular apps list on the Apps tab of search, and doesn't ask Telegram for it. Apps you've opened and other results stay.	Aramanın Uygulamalar sekmesindeki Popüler uygulamalar listesini gizler ve Telegram'dan istemez. Açtığınız uygulamalar ve diğer sonuçlar kalır.
Hide contacts on Telegram	Telegram'daki kişileri gizle
When your chat list is short, Telegram lists your contacts below it. This hides that list and its heading. Chats, folders and search stay.	Sohbet listeniz kısa olduğunda Telegram kişilerinizi altında gösterir. Bu, o listeyi ve başlığını gizler. Sohbetler, klasörler ve arama kalır.
Hide greeting stickers	Selamlama çıkartmalarını gizle
Empty private chats stop suggesting a sticker to say hello. Their other text and notices, and the sticker picker, stay.	Boş özel sohbetler merhaba demek için çıkartma önermeyi bırakır. Diğer metinleri, bildirimleri ve çıkartma seçici kalır.
Quiet contacts prompts	Kişi isteklerini sustur
After you say no to contacts access, the Contacts tab stops asking again and its warning badge goes away.	Kişilere erişimi reddettikten sonra Kişiler sekmesi tekrar sormaz ve uyarı rozeti kaybolur.

New Year look all year	Yıl boyu yılbaşı görünümü
Shows Telegram's Santa hat and New Year snow all year, not only around New Year. Snow also falls on chat backgrounds if animated backgrounds are on.	Telegram'ın Noel Baba şapkasını ve yılbaşı karını sadece yılbaşında değil, yıl boyu gösterir. Animasyonlu arka planlar açıksa kar sohbet arka planlarına da yağar.
Use system font	Sistem yazı tipini kullan
Bold, italic and code text use your phone's font instead of Telegram's built-in one. Restart Telegram to see the change.	Kalın, italik ve kod metni, Telegram'ın yerleşik yazı tipi yerine telefonunuzun yazı tipini kullanır. Değişikliği görmek için Telegram'ı yeniden başlatın.
AMOLED black	AMOLED siyahı
Night and Dark themes use pure black screens. Message bubbles and menus keep their colors. Restart Telegram to see the change.	Gece ve Koyu temalar saf siyah ekranlar kullanır. Mesaj balonları ve menüler renklerini korur. Değişikliği görmek için Telegram'ı yeniden başlatın.
Hide translate bar	Çeviri çubuğunu gizle
Chats in another language stop showing the translate bar at the top. Translate moves to the chat's menu, and a chat you're translating keeps its bar.	Başka dildeki sohbetler üstte çeviri çubuğunu göstermez. Çevir, sohbet menüsüne taşınır ve çevirdiğiniz bir sohbet çubuğunu korur.
Exact numbers	Sayıları tam göster
Member, subscriber, view, reply and reaction counts show in full, like 12,345 instead of 12.3K.	Üye, abone, görüntülenme, yanıt ve tepki sayıları tam gösterilir, örneğin 12,3 B yerine 12.345.
Reveal spoilers	Spoilerları göster
Spoiler text, photos and videos show right away without a tap. View-once media, sensitive content and login codes stay covered.	Spoiler metin, fotoğraf ve videolar dokunmadan hemen görünür. Tek seferlik medya, hassas içerik ve giriş kodları kapalı kalır.
Hide keyboard on scroll	Kaydırınca klavyeyi gizle
The keyboard closes when you start scrolling a chat. The emoji and sticker panel stays open.	Bir sohbeti kaydırmaya başladığınızda klavye kapanır. Emoji ve çıkartma paneli açık kalır.
Keep videos muted on volume keys	Ses tuşlarında videoları sessiz tut
Volume keys only change the volume. They no longer start the video or round video on screen with sound. Tap a video to hear it.	Ses tuşları yalnızca sesi değiştirir. Ekrandaki videoyu veya yuvarlak videoyu artık sesle başlatmaz. Duymak için bir videoya dokunun.
Swipe back on profiles	Profillerde geri kaydır
Swiping right on a profile's photos or media tabs goes back, like the rest of the profile, instead of showing the previous photo or tab.	Bir profilin fotoğraflarında veya medya sekmelerinde sağa kaydırmak, önceki fotoğraf ya da sekme yerine, profilin geri kalanında olduğu gibi geri gider.
Hide phone number	Telefon numarasını gizle
Your own phone number shows as dots in the side menu, Settings and your profile, which helps with screenshots. Others' numbers stay visible.	Kendi telefon numaranız yan menüde, Ayarlar'da ve profilinizde nokta olarak görünür, bu ekran görüntülerinde işe yarar. Başkalarının numaraları görünür kalır.
Message times with seconds	Saniyeli mesaj saati
Each message's time includes seconds, like 9:41:27 PM, so messages sent close together are easy to tell apart.	Her mesajın saati saniyeyi de içerir, örneğin 21:41:27, böylece peş peşe gönderilen mesajları ayırt etmek kolaylaşır.
Allow chat blur on slower phones	Daha yavaş telefonlarda sohbet bulanıklığına izin ver
Telegram only blurs chat headers and panels on fast phones. This lets any phone do it, once Blur in chat is on under Power saving.	Telegram sohbet başlığını ve panelleri yalnızca hızlı telefonlarda bulanıklaştırır. Bu, Güç tasarrufu altında Sohbette bulanıklık açıldığında her telefonun bunu yapmasını sağlar.
Play voice messages one at a time	Sesli mesajları tek tek oynat
When a voice or video message ends, the next one doesn't start by itself.	Bir sesli veya görüntülü mesaj bittiğinde bir sonrakisi kendiliğinden başlamaz.
Stop vibrations on taps	Dokunuşlardaki titreşimleri durdur
Taps, long presses, swipes and wrong entries no longer vibrate the phone. Incoming calls still vibrate, and notifications follow your own settings.	Dokunmalar, uzun basmalar, kaydırmalar ve hatalı girişler artık telefonu titreştirmez. Gelen aramalar titreşmeye devam eder ve bildirimler kendi ayarlarınızı izler.
Turn off reaction effects	Tepki efektlerini kapat
When someone reacts to a message, the emoji doesn't fly across the screen and burst. The reaction still shows on the message.	Biri bir mesaja tepki verdiğinde emoji ekranda uçup patlamaz. Tepki mesajın üzerinde görünmeye devam eder.
Hide folder tab counters	Klasör sekmesi sayaçlarını gizle
Folder tabs above the chat list show just their names, without unread counts. Chats stay unread and the app icon badge doesn't change.	Sohbet listesinin üstündeki klasör sekmeleri okunmamış sayısı olmadan yalnızca adlarını gösterir. Sohbetler okunmamış kalır ve uygulama simgesindeki rozet değişmez.
Hide sender names when forwarding	İletirken gönderen adlarını gizle
Each new forward starts with Hide sender's name turned on, so copies arrive without the original author. You can still turn it off before sending.	Her yeni iletme, Gönderen adını gizle açık olarak başlar; böylece kopyalar asıl yazar olmadan ulaşır. Göndermeden önce yine kapatabilirsiniz.
Voice messages in the music player	Sesli mesajlar müzik çalarda
While a voice message plays, tapping the bar above the chat opens the full music player, where you can drag to skip around, instead of jumping to the message.	Bir sesli mesaj çalarken sohbetin üstündeki çubuğa dokunmak, mesaja atlamak yerine, ileri geri sarabileceğiniz tam müzik çaları açar.
Silence people outside your contacts	Kişileriniz dışındakileri sessize al
Private messages from people not in your contacts still show a notification, but without sound or vibration. Bots, reminders and login codes keep their sound.	Kişilerinizde olmayan kişilerden gelen özel mesajlar yine bildirim gösterir ama sesli veya titreşimli olmaz. Botlar, hatırlatıcılar ve giriş kodları seslerini korur.
Disable pull to archive	Arşive çekmeyi kapat
Pulling down the chat list no longer opens the archive. Use Archived chats in the list's menu instead. Restart Telegram to see the change.	Sohbet listesini aşağı çekmek artık arşivi açmaz. Bunun yerine listenin menüsündeki Arşivlenmiş sohbetler'i kullanın. Değişikliği görmek için Telegram'ı yeniden başlatın.
Start the camera on the rear lens	Kamerayı arka lensle başlat
The camera in the attachment menu always opens on the rear lens, not the lens you used last. You can still flip it.	Ek menüsündeki kamera, en son kullandığınız lens yerine her zaman arka lensle açılır. Yine de değiştirebilirsiniz.
Hide gallery camera tile	Galerideki kamera kutucuğunu gizle
The attachment menu's photo grid starts with your photos instead of a live camera tile. A chat picks this up the next time you open it.	Ek menüsündeki fotoğraf ızgarası, canlı kamera kutucuğu yerine fotoğraflarınızla başlar. Bir sohbet bunu bir sonraki açışınızda uygular.
Hide time on stickers	Çıkartmalarda saati gizle
Stickers and big animated emoji no longer show the time and read checks in their corner. Other messages keep their time.	Çıkartmalar ve büyük animasyonlu emojiler artık köşelerinde saati ve okundu işaretlerini göstermez. Diğer mesajlar saatini korur.
Ignore mentions in muted chats	Sessize alınmış sohbetlerdeki bahsetmeleri yok say
Mentions and replies in groups or channels you've muted no longer notify you. Chats you haven't muted notify as before.	Sessize aldığınız grup veya kanallardaki bahsetmeler ve yanıtlar artık bildirim göndermez. Sessize almadığınız sohbetler eskisi gibi bildirim gönderir.
Hide blocked users in groups	Gruplarda engellenen kullanıcıları gizle
Messages from people you've blocked are left out of groups and supergroups you open. Nothing is deleted. Private chats and channel posts stay as they are.	Engellediğiniz kişilerin mesajları açtığınız grup ve süper gruplarda gösterilmez. Hiçbir şey silinmez. Özel sohbetler ve kanal gönderileri olduğu gibi kalır.
Hide Telegram Features and Invite Friends	Telegram Özellikleri ve Arkadaşlarını Davet Et satırlarını gizle
Removes the Telegram Features row from Settings and Invite Friends from Contacts. With no contacts yet, the invite list goes too.	Telegram Özellikleri satırını Ayarlar'dan, Arkadaşlarını Davet Et'i Kişiler'den kaldırır. Henüz kişiniz yoksa davet listesi de kalkar.
Add Repeat to the message menu	Mesaj menüsüne Tekrarla ekle
Adds Repeat under Forward in a message's press-and-hold menu. It sends the same message again to the chat. Not shown in protected or secret chats.	Bir mesajın basılı tutunca açılan menüsünde İlet'in altına Tekrarla ekler. Aynı mesajı sohbete yeniden gönderir. Korumalı veya gizli sohbetlerde görünmez.
Keep deleted messages	Silinen mesajları sakla
Messages others delete stay in your chat on this phone, marked deleted next to the time. Your own deletes and disappearing messages work as usual.	Başkalarının sildiği mesajlar bu telefonda sohbetinizde kalır ve saatin yanında silindi olarak işaretlenir. Kendi sildikleriniz ve kaybolan mesajlar her zamanki gibi çalışır.
# context: an action row under Keep deleted messages; a tap deletes every message that switch kept
Clear kept messages	Saklanan mesajları temizle
Deletes the messages this phone kept after others deleted them, in every account, the way Telegram would have.	Başkaları sildikten sonra bu telefonun sakladığı mesajları her hesapta, Telegram'ın yapacağı şekilde siler.
# context: the notice after that tap when nothing was kept
There are no kept messages to clear.	Temizlenecek saklanan mesaj yok.
# context: the notice after that tap, with how many kept messages went
Removed %1$d kept message.	%1$d saklanan mesaj kaldırıldı.
Removed %1$d kept messages.	%1$d saklanan mesaj kaldırıldı.
Ask before sending a sticker	Çıkartma göndermeden önce sor
Asks Send or Cancel before a sticker you tap goes into a chat. Cancel drops it. Scheduled stickers go out without asking.	Dokunduğunuz bir çıkartma sohbete girmeden önce Gönder veya İptal sorar. İptal onu atar. Zamanlanmış çıkartmalar sormadan gider.
Turn off beta debug logs	Beta hata ayıklama günlüklerini kapat
Telegram Beta keeps debug logs on your phone all the time, its connection log included, and its own debug menu can't stop that. This stops them. Logs already saved stay until you clear them, and the regular build doesn't keep them, so nothing changes there. Restart Telegram to see the change.	Telegram Beta, bağlantı günlüğü dahil, telefonunuza sürekli hata ayıklama günlükleri yazar ve kendi hata ayıklama menüsü bunu durduramaz. Bu ayar onları durdurur. Önceden kaydedilmiş günlükler siz silene kadar kalır, normal sürüm ise bu günlükleri tutmaz, yani orada hiçbir şey değişmez. Değişikliği görmek için Telegram'ı yeniden başlatın.
Translate with an outside service	Harici bir hizmetle çevir
Adds Translate here to a message's menu and Translate this chat to a chat's menu, using Google's web translate in place of Telegram's Premium translation. The text you ask to translate is sent to Google, one message at a time, and nothing leaves your phone until you turn a chat or message on.	Bir mesajın menüsüne Burada çevir, bir sohbetin menüsüne Bu sohbeti çevir ekler ve Telegram'ın Premium çevirisi yerine Google'ın web çevirisini kullanır. Çevirmesini istediğiniz metin birer mesaj olarak Google'a gönderilir ve siz bir sohbeti ya da mesajı açana kadar telefonunuzdan hiçbir şey çıkmaz.
Translate here	Burada çevir
Show original	Orijinali göster
Translate this chat	Bu sohbeti çevir
This chat will be translated	Bu sohbet çevrilecek
This chat shows the original messages	Bu sohbet orijinal mesajları gösteriyor
(Translated. Long-press for the original.)	(Çevrildi. Orijinali için uzun basın.)
Translation isn't available right now	Çeviri şu anda kullanılamıyor
Ask before sending a GIF	GIF göndermeden önce sor
Asks Send or Cancel before a GIF you tap goes into a chat. Cancel drops it. Scheduled GIFs go out without asking.	Dokunduğunuz bir GIF sohbete girmeden önce Gönder veya İptal sorar. İptal onu atar. Zamanlanmış GIF'ler sormadan gider.
Ask before sending a voice or video message	Sesli veya görüntülü mesaj göndermeden önce sor
Asks Send or Cancel before a voice or video message you recorded goes out. Cancel throws the recording away.	Kaydettiğiniz sesli veya görüntülü mesaj gitmeden önce Gönder veya İptal sorar. İptal kaydı çöpe atar.
Ask before starting a call	Arama başlatmadan önce sor
Asks Call or Cancel before the call button in a chat or on a profile starts a call.	Bir sohbetteki veya profildeki arama düğmesi arama başlatmadan önce Ara veya İptal sorar.
Send sticker	Çıkartma gönder
Send this sticker to this chat?	Bu çıkartma bu sohbete gönderilsin mi?
Send GIF	GIF gönder
Send this GIF to this chat?	Bu GIF bu sohbete gönderilsin mi?
Send voice message	Sesli mesaj gönder
Send this voice message to this chat?	Bu sesli mesaj bu sohbete gönderilsin mi?
Send video message	Görüntülü mesaj gönder
Send this video message to this chat?	Bu görüntülü mesaj bu sohbete gönderilsin mi?
Send	Gönder
Start a call	Arama başlat
Start a voice call?	Sesli arama başlatılsın mı?
Start a video call?	Görüntülü arama başlatılsın mı?
Call	Ara
# context: the label before the time of a message someone else deleted that this phone kept
deleted	silindi
Add Copy photo to the message menu	Mesaj menüsüne Fotoğrafı kopyala ekle
Adds Copy photo to a downloaded photo's press-and-hold menu, so you can paste the picture into another app. Not shown in protected or secret chats.	İndirilmiş bir fotoğrafın basılı tutunca açılan menüsüne Fotoğrafı kopyala ekler; böylece resmi başka bir uygulamaya yapıştırabilirsiniz. Korumalı veya gizli sohbetlerde görünmez.
Add Message details to the message menu	Mesaj menüsüne Mesaj ayrıntıları ekle
Adds Message details to a message's press-and-hold menu. It shows IDs, send and edit times, where it was forwarded from, and file info.	Bir mesajın basılı tutunca açılan menüsüne Mesaj ayrıntıları ekler. Kimlikleri, gönderme ve düzenleme saatlerini, nereden iletildiğini ve dosya bilgilerini gösterir.
Repeat	Tekrarla
Copy photo	Fotoğrafı kopyala
Photo copied	Fotoğraf kopyalandı
Message details	Mesaj ayrıntıları
Message ID: %1$s	Mesaj kimliği: %1$s
Chat ID: %1$s	Sohbet kimliği: %1$s
Sender ID: %1$s	Gönderen kimliği: %1$s
Sent: %1$s	Gönderildi: %1$s
Edited: %1$s	Düzenlendi: %1$s
Forwarded from: %1$s	Şuradan iletildi: %1$s
Original sender ID: %1$s	Asıl gönderenin kimliği: %1$s
Originally sent: %1$s	İlk gönderilme: %1$s
File data center: %1$s	Dosyanın veri merkezi: %1$s
File size: %1$s	Dosya boyutu: %1$s
Copy	Kopyala
Message details copied	Mesaj ayrıntıları kopyalandı
Add Quick forward to the message menu	Mesaj menüsüne Hızlı ilet ekle
Adds Quick forward to a message's press-and-hold menu. One tap sends it to Saved Messages or a recent chat. Not in protected or secret chats.	Bir mesajın basılı tutunca açılan menüsüne Hızlı ilet ekler. Tek dokunuşla Kayıtlı Mesajlar'a veya yakın zamandaki bir sohbete gönderir. Korumalı veya gizli sohbetlerde yoktur.
Quick forward	Hızlı ilet
Forward to	İlet
Forwarding to %1$s	%1$s sohbetine iletiliyor
Can't forward there	Oraya iletilemiyor
No chat to forward to	İletilecek sohbet yok

# context: Notifications repair and bottom-pull controls.
Notifications	Bildirimler
Repair Firebase push registration	Firebase bildirim kaydını düzelt
Tries to help this patched Telegram sign up for push notifications with Firebase, Google's notification service, using Telegram's original certificate. Notification permission and battery settings still apply.	Yamalanmış bu Telegram'ın, Google'ın bildirim hizmeti Firebase üzerinden anlık bildirimlere kaydolmasına, Telegram'ın özgün sertifikasıyla yardımcı olmaya çalışır. Bildirim izni ve pil ayarları yine geçerlidir.
Firebase certificate header	Firebase sertifika başlığı
Stop pull to next channel	Sonraki kanala çekmeyi durdur
Pulling up at the bottom of a channel only scrolls. Open the next channel from your chat list.	Kanalın sonunda yukarı çekmek yalnızca içeriği kaydırır. Sonraki kanalı sohbet listenizden açın.
Stop pull to next topic	Sonraki konuya çekmeyi durdur
Pulling up at the bottom of a forum topic only scrolls. Open the next topic from the topic list.	Bir forum konusunun sonunda yukarı çekmek yalnızca içeriği kaydırır. Sonraki konuyu konu listesinden açın.
# context: Read-only local notification facts, independent of repair and Pause.
Notification status on this phone	Bu telefondaki bildirim durumu
local notification status	yerel bildirim durumu
Notification permission: %1$s	Bildirim izni: %1$s
Notification ID saved on this phone: %1$s	Bu telefonda kayıtlı bildirim kimliği: %1$s
Signed-in accounts: %1$s	Oturum açmış hesaplar: %1$s
Accounts Telegram confirmed for notifications: %1$s	Telegram'ın bildirimler için onayladığı hesaplar: %1$s
Telegram's reply to notification sign-up: %1$s	Telegram'ın bildirim kaydına yanıtı: %1$s
No reply since Telegram started	Telegram açıldığından beri yanıt yok
Accepted	Kabul edildi
Refused	Reddedildi
Refused (%1$s)	Reddedildi (%1$s)
This only shows what's saved on this phone. It doesn't prove notifications will arrive.	Bu yalnızca bu telefonda nelerin kayıtlı olduğunu gösterir. Bildirimlerin ulaşacağını kanıtlamaz.
Unknown	Bilinmiyor
Allowed	İzin verildi
Blocked	Engellendi
Yes	Evet
No	Hayır
Use normal paste	Normal yapıştırmayı kullan
Show user and chat IDs	Kullanıcı ve sohbet kimliklerini göster
Disable double-tap reactions	Çift dokunma tepkilerini kapat
Pastes text exactly as you copied it, without Telegram adding formatting, tables or code styling. Spaces and links stay as they were.	Metni kopyaladığınız gibi yapıştırır, Telegram biçimlendirme, tablo veya kod stili eklemez. Boşluklar ve bağlantılar olduğu gibi kalır.
Adds a copyable ID number for a user or chat to the profile's menu. Telegram isn't asked for anything extra.	Profil menüsüne kullanıcı veya sohbet için kopyalanabilir bir kimlik numarası ekler. Telegram'dan fazladan bir şey istenmez.
Show where a profile photo is stored	Profil fotoğrafının nerede saklandığını göster
A profile's menu also shows which of Telegram's five data centers (its server locations) stores the profile photo. No photo, no number.	Profil menüsü ayrıca profil fotoğrafının Telegram'ın beş veri merkezinden (sunucu konumlarından) hangisinde saklandığını gösterir. Fotoğraf yoksa numara da yoktur.
Double-tapping a message no longer adds a reaction. Scrolling, normal taps, selecting and the reaction menu work as before.	Bir mesaja çift dokunmak artık tepki eklemez. Kaydırma, normal dokunuşlar, seçme ve tepki menüsü eskisi gibi çalışır.
compose text paste	mesaj yazarken metin yapıştırma
caption text paste	açıklama metni yapıştırma
profile local IDs	yerel profil kimlikleri
chat double-tap reactions	sohbette çift dokunma tepkileri
preview double-tap reactions	önizlemede çift dokunma tepkileri
User ID %1$s	Kullanıcı kimliği %1$s
Chat ID %1$s	Sohbet kimliği %1$s
Copy user ID %1$s	Kullanıcı kimliğini kopyala %1$s
Copy chat ID %1$s	Sohbet kimliğini kopyala %1$s
ID	Kimlik
ID copied	Kimlik kopyalandı
Data center %1$s	Veri merkezi %1$s
Copy data center %1$s	Veri merkezini kopyala %1$s
Data center copied	Veri merkezi kopyalandı
# context: titles of the settings pages that replaced the Chats page, after Morphe Manager's categories.
Ads	Reklamlar
Chat list	Sohbet listesi
Conversations	Konuşmalar
Playback	Oynatma
Look and feel	Görünüm ve kullanım
# context: Hide channel bar buttons and Hide Send as button. Search, Direct messages, Info, Mute and Join are Telegram's own button names in a channel; Send as is Telegram's name for the picture that picks who you post as.
Hide channel bar buttons	Kanal çubuğu düğmelerini gizle
Search, Direct messages and Info leave the bar at the bottom of a channel. Mute and Join stay, and tapping the channel's name at the top still opens its info. A channel picks this up the next time you open it.	Ara, Doğrudan mesajlar ve Bilgi, bir kanalın altındaki çubuktan kalkar. Sessize al ve Katıl kalır, üstteki kanal adına dokunmak da bilgilerini açmaya devam eder. Bir kanal bunu bir sonraki açışınızda uygular.
Hide Send as button	Farklı gönder düğmesini gizle
Your picture next to the message box goes away in groups and channels where you could post as a channel, while you're posting as yourself. Once you pick a channel it shows again, so you can always see who you're posting as. To pick one, turn this off first. A chat picks this up the next time you open it.	Kanal olarak paylaşım yapabileceğiniz grup ve kanallarda, kendi adınıza paylaşırken mesaj kutusunun yanındaki resminiz kaybolur. Bir kanal seçtiğinizde yeniden görünür, böylece kimin adına paylaştığınızı her zaman görürsünüz. Bir kanal seçmek için önce bunu kapatın. Bir sohbet bunu bir sonraki açışınızda uygular.
# context: Hide messages by keyword. A filter is one line of text the person writes; a line in slashes is a regular expression. The settings page has one list for groups and one for channels, each edited in a dialog with Save and Cancel. Keep /crypto|airdrop/ exactly as written.
Hide messages by keyword	Mesajları anahtar kelimeye göre gizle
Messages in groups and channels that match one of your filters are left out when you open the chat. Private chats and your own messages stay as they are. Nothing is deleted, and your filters stay on this phone.	Gruplarda ve kanallarda filtrelerinizden biriyle eşleşen mesajlar, sohbeti açtığınızda gösterilmez. Özel sohbetler ve kendi mesajlarınız olduğu gibi kalır. Hiçbir şey silinmez ve filtreleriniz bu telefonda kalır.
Filters for groups	Gruplar için filtreler
Filters for channels	Kanallar için filtreler
No filters yet.	Henüz filtre yok.
%1$d filter.	%1$d filtre.
%1$d filters.	%1$d filtre.
A list holds up to %1$d filters.	Bir liste en fazla %1$d filtre alır.
Line %1$d is longer than %2$d characters.	%1$d. satır %2$d karakterden uzun.
Line %1$d isn't a regular expression that works. Fix it, or take the slashes off to match the text as written.	%1$d. satır çalışan bir düzenli ifade değil. Düzeltin veya metni yazıldığı gibi bulmak için eğik çizgileri kaldırın.
Line %1$d could take too long on a long message. Use one open-ended repeat like + or * at most, a count like {1,9} for the rest, and leave out repeated groups that hold a repeat or a choice, like (a+)+ or (a|b)*, and references back to a group.	%1$d. satır uzun bir mesajda çok uzun sürebilir. En fazla bir açık uçlu tekrar (+ veya * gibi) kullanın, geri kalanı için {1,9} gibi bir sayı yazın, içinde tekrar ya da seçenek olan tekrarlanan grupları, örneğin (a+)+ veya (a|b)*, ve bir gruba geri başvuruları çıkarın.
This list is too long to fit in a settings file. Take out a few lines.	Bu liste bir ayar dosyasına sığmayacak kadar uzun. Birkaç satırı çıkarın.
One filter a line	Her satıra bir filtre
Text on a line matches wherever it appears in a message. A line in slashes, like /crypto|airdrop/, is a regular expression. Case doesn't matter.	Bir satırdaki metin, mesajın neresinde geçerse geçsin eşleşir. Eğik çizgiler arasındaki bir satır, örneğin /crypto|airdrop/, bir düzenli ifadedir. Büyük ve küçük harf fark etmez.
Save	Kaydet
Couldn't save the filters. Try again in a moment.	Filtreler kaydedilemedi. Birazdan tekrar deneyin.
Filters saved.	Filtreler kaydedildi.
%1$d list of message filters will change.	%1$d mesaj filtresi listesi değişecek.
%1$d lists of message filters will change.	%1$d mesaj filtresi listesi değişecek.
# context: Change sticker size. The person picks a size for stickers in chats as a percent of Telegram's own size (50%, 75%, 125% or 150%), from a list that opens when they tap the Sticker size row. %1$s is that percent, already written the way the language writes one, for example 75%.
Change sticker size	Çıkartma boyutunu değiştir
Stickers in chats show at the size you pick below. Animated emoji and dice keep Telegram's size. A chat picks this up the next time you open it.	Sohbetlerdeki çıkartmalar aşağıda seçtiğiniz boyutta gösterilir. Hareketli emojiler ve zarlar Telegram'ın boyutunu korur. Bir sohbet bunu bir sonraki açışınızda uygular.
Sticker size	Çıkartma boyutu
%1$s of Telegram's size	Telegram boyutunun %1$s kadarı
Couldn't save the size. Try again in a moment.	Boyut kaydedilemedi. Birazdan tekrar deneyin.
The sticker size will change.	Çıkartma boyutu değişecek.
# context: short headings that split the Conversations and Look and feel settings pages into groups of switches. Each names what the switches under it change: things inside an open chat, the menu a message opens on a long press, sending, the attachment menu's camera and gallery, translation, messages hidden from a chat, messages others deleted, the theme, how messages and stickers look, profiles, touch feedback and the keyboard, and rows or buttons hidden to reduce clutter.
In a chat	Sohbette
Message menu	Mesaj menüsü
Sending	Gönderme
Attachment menu	Ek menüsü
Translation	Çeviri
Hidden messages	Gizlenen mesajlar
Deleted messages	Silinen mesajlar
Theme	Tema
Messages and stickers	Mesajlar ve çıkartmalar
Profiles	Profiller
Touch and keyboard	Dokunma ve klavye
Less clutter	Daha sade
# context: title of the last row on the settings home page; a tap opens the maintainer's Ko-fi page in a browser
Support HushTelegram	HushTelegram'u destekle
# context: that row's summary; Ko-fi is a tipping site's name and stays as it is
Buy me a coffee on Ko-fi	Ko-fi'de bana bir kahve ısmarla
# context: Faster downloads, a switch on the Playback page. Telegram downloads a file in pieces; this makes them bigger and asks for more at once.
Faster downloads	Daha hızlı indirmeler
# context: that switch's summary. KB is kilobytes. "Goes back to small ones" means Telegram drops to the small pieces on its own if a big one fails.
Files download in 512 KB pieces, 8 at a time, instead of 128 KB pieces 4 at a time. If a big piece fails, Telegram goes back to small ones. The next download picks this up.	Dosyalar 128 KB'lık parçalar halinde 4'er 4'er değil, 512 KB'lık parçalar halinde 8'er 8'er indirilir. Büyük bir parça başarısız olursa Telegram küçük parçalara geri döner. Bir sonraki indirme bunu hemen kullanır.
# context: Translate with an outside service, on the Conversations page. A row under that switch, and the title of the dialog it opens: where the text to translate is sent.
Translation service	Çeviri hizmeti
Google's web translate. Tap to use an AI service with your own key.	Google'ın web çevirisi. Kendi anahtarınla bir yapay zekâ hizmeti kullanmak için dokun.
# context: that row's summary once an AI service is set. %1$s is the service's host name, like api.openai.com, and %2$s its model name, like gpt-4o-mini.
Your AI service at %1$s, model %2$s.	%1$s adresindeki yapay zekâ hizmetin, model %2$s.
# context: hints in the three fields of that dialog: the web address of the AI service, the model to ask, and the secret key the service gave the person.
Service address	Hizmet adresi
Model	Model
API key	API anahtarı
# context: the dialog's explanation. OpenAI, OpenRouter, DeepSeek and Groq are company names and stay as they are.
With a key, the text you translate goes to this AI service instead of Google. Any service that takes OpenAI's chat format works, like OpenAI, OpenRouter, DeepSeek or Groq. The key stays on this phone and never goes in a settings file.	Bir anahtarla, çevirdiğin metin Google yerine bu yapay zekâ hizmetine gider. OpenAI'ın sohbet biçimini kabul eden her hizmet çalışır, örneğin OpenAI, OpenRouter, DeepSeek veya Groq. Anahtar bu telefonda kalır ve hiçbir zaman bir ayar dosyasına girmez.
# context: a dialog button that goes back to Google's free web translate and forgets the key. "Use Google" is also quoted in a message below.
Use Google	Google'ı kullan
Couldn't save the translation service. Try again in a moment.	Çeviri hizmeti kaydedilemedi. Birazdan tekrar dene.
Translation service saved.	Çeviri hizmeti kaydedildi.
Back to Google's web translate.	Yeniden Google'ın web çevirisi.
# context: why the dialog can't save yet. https:// stays as it is.
Type your API key, or tap Use Google.	API anahtarını yaz ya da Google'ı kullan seçeneğine dokun.
Type a model name.	Bir model adı yaz.
Take the spaces out of the address, model and key.	Adres, model ve anahtardaki boşlukları kaldır.
The address has to start with https://.	Adres https:// ile başlamalı.
# context: a short toast when the AI service turns the key down (HTTP 401 or 403).
Your AI service didn't accept the key	Yapay zekâ hizmetin anahtarı kabul etmedi
# context: a switch on the Notifications page. UnifiedPush is the name of an open notification standard and stays as it is.
UnifiedPush notifications	UnifiedPush bildirimleri
# context: that switch's summary. Firebase is Google's notification service and ntfy is an app; both names stay as they are.
For phones where Firebase notifications don't arrive. Telegram signs up an address from a UnifiedPush app like ntfy, and Telegram's servers call it to wake Telegram when something arrives. The messages still come from Telegram itself. Turned off, Telegram goes back to Firebase the next time it starts.	Firebase bildirimlerinin gelmediği telefonlar için. Telegram, ntfy gibi bir UnifiedPush uygulamasından aldığı bir adresi kaydeder ve Telegram'ın sunucuları bir şey geldiğinde Telegram'ı uyandırmak için bu adresi çağırır. Mesajlar yine Telegram'ın kendisinden gelir. Kapatılırsa Telegram bir sonraki açılışta Firebase'e döner.
# context: a row under that switch, and the title of the list it opens: which installed UnifiedPush app, like ntfy, delivers the notifications.
Push app	Push uygulaması
Install a UnifiedPush app like ntfy, then come back here.	ntfy gibi bir UnifiedPush uygulaması yükle, sonra buraya geri dön.
# context: that row's summary. %1$s is the app's name, like ntfy. "The switch" is the UnifiedPush notifications switch above the row.
%1$s. Turn the switch on to sign up with it.	%1$s. Onunla kaydolmak için anahtarı aç.
%1$s ended the sign-up. Turn the switch off and on to sign up again.	%1$s kaydı sonlandırdı. Yeniden kaydolmak için anahtarı kapatıp aç.
%1$s turned the sign-up down. Check that it allows UnifiedPush.	%1$s kaydı reddetti. UnifiedPush'a izin verip vermediğini kontrol et.
# context: the row's summary once signed up: Telegram's servers wake Telegram up through that app.
Telegram's wake-ups come through %1$s.	Telegram %1$s üzerinden uyandırılıyor.
Signing up with %1$s…	%1$s ile kaydolunuyor…
# context: a toast when the row is tapped and no UnifiedPush app is installed.
Install a UnifiedPush app like ntfy first.	Önce ntfy gibi bir UnifiedPush uygulaması yükle.
# context: the Push app row's summary when several UnifiedPush apps are installed and none is picked yet. Tapping the row opens the list.
Tap to pick which UnifiedPush app to use.	Hangi UnifiedPush uygulamasının kullanılacağını seçmek için dokun.
# context: Save downloaded files, a switch on the Playback page. It copies each downloaded file or song to the phone's shared Download/Telegram folder.
Save downloaded files	İndirilen dosyaları kaydet
# context: that switch's summary. "Download/Telegram" is a folder path and stays as it is. Chats that don't allow saving are ones whose owner turned on Telegram's content protection.
Each file or song you download also goes to Download/Telegram on your phone, where file managers and other apps can open it. Files from secret chats and chats that don't allow saving stay in Telegram.	İndirdiğin her dosya ve şarkı telefonundaki Download/Telegram klasörüne de kopyalanır. Dosya yöneticileri ve diğer uygulamalar onu orada açabilir. Gizli sohbetlerden ve kaydetmeye izin vermeyen sohbetlerden gelen dosyalar Telegram'da kalır.
